Model,Epsilon,FairPercent,NonFairPercent,UnknownPercent,TotalTime,AvgTime
AC-1.onnx,0.000000,88.000000,12.000000,0.000000,0.651283,0.006513
AC-3.onnx,0.000000,91.000000,9.000000,0.000000,0.587552,0.005876
AC-4.onnx,0.000000,91.000000,9.000000,0.000000,0.705857,0.007059
