Model,Epsilon,FairPercent,NonFairPercent,UnknownPercent,TotalTime,AvgTime
AC-1.onnx,0.000000,89.000000,11.000000,0.000000,0.617467,0.006175
AC-10.onnx,0.000000,88.000000,12.000000,0.000000,0.756511,0.007565
AC-11.onnx,0.000000,87.000000,13.000000,0.000000,0.750204,0.007502
AC-12.onnx,0.000000,89.000000,11.000000,0.000000,1.098352,0.010984
AC-3.onnx,0.000000,87.000000,13.000000,0.000000,0.556150,0.005562
AC-4.onnx,0.000000,88.000000,12.000000,0.000000,0.681632,0.006816
AC-5.onnx,0.000000,88.000000,12.000000,0.000000,0.659096,0.006591
