Model,Epsilon,FairPercent,NonFairPercent,UnknownPercent,TotalTime,AvgTime
BM-5.onnx,0.000000,89.000000,11.000000,0.000000,0.632777,0.006328
BM-6.onnx,0.000000,85.000000,15.000000,0.000000,0.629814,0.006298
BM-7.onnx,0.000000,84.000000,16.000000,0.000000,0.685982,0.006860
