Model,Epsilon,FairPercent,NonFairPercent,UnknownPercent,TotalTime,AvgTime
GC-1.onnx,0.000000,74.000000,26.000000,0.000000,0.677789,0.006778
GC-2.onnx,0.000000,77.000000,23.000000,0.000000,0.839749,0.008397
GC-3.onnx,0.000000,74.000000,26.000000,0.000000,0.555876,0.005559
