{"args": {"profile": true, "score": true, "benchmark": "cartpoleCTRNN", "starting_time": 0.01, "time_step": 0.01, "time_horizon": 1.0, "batch_size": 10000, "gamma": 0.01, "mu": 1.5, "ellipsoids": false, "radius": 0.0001}, "stats": {"loop_time": [36.1071035861969, 19.05624508857727, 14.123123168945312, 13.842141151428223, 13.894908905029297, 13.922735452651978, 14.162095785140991, 14.018547058105469, 13.943413019180298, 13.925180196762085, 13.963031768798828, 14.05601716041565, 14.234553575515747, 14.388800144195557, 14.174104928970337, 14.743029356002808, 14.182912826538086, 13.923083066940308, 13.928936004638672, 14.433494806289673, 14.024397611618042, 13.970666408538818, 14.00553560256958, 14.115691423416138, 15.343515157699585, 15.588515281677246, 15.23670506477356, 15.684711933135986, 15.078984022140503, 14.689104080200195, 15.112846374511719, 15.216930150985718, 15.343995571136475, 15.334772109985352, 15.585548639297485, 15.319427490234375, 16.714763164520264, 15.644408226013184, 14.13157033920288, 14.09193754196167, 14.398287534713745, 14.423222064971924, 14.663875818252563, 14.077627182006836, 13.81092619895935, 14.012364864349365, 13.788755416870117, 14.207297563552856, 15.168267965316772, 15.218223094940186, 14.971264362335205, 15.137360095977783, 15.132344245910645, 14.685875177383423, 15.040430545806885, 14.837939739227295, 14.241776704788208, 13.90808653831482, 14.110394477844238, 13.77165699005127, 15.168408393859863, 15.15929126739502, 15.185726404190063, 14.911919355392456, 14.770547151565552, 15.244426965713501, 15.258362531661987, 15.204957962036133, 15.023185729980469, 14.702601432800293, 15.818243265151978, 15.131941556930542, 14.77488374710083, 14.945508003234863, 15.187843084335327, 15.02855896949768, 14.4299635887146, 14.222285270690918, 14.099404335021973, 14.190747737884521, 15.244975090026855, 14.631237506866455, 14.704470872879028, 14.795539855957031, 14.05820107460022, 14.124768257141113, 14.70434832572937, 15.726088523864746, 17.249428033828735, 15.08759593963623, 14.605167865753174, 16.42054271697998, 15.466100454330444, 16.384227752685547, 15.193827867507935, 15.539581537246704, 15.56980276107788, 15.690218925476074, 15.177469253540039, 14.785667896270752], "new_points": [30000, 0, 0, 0, 0, 0, 0, 0, 0, 0, 0, 0, 0, 0, 0, 0, 0, 0, 0, 0, 0, 0, 0, 0, 0, 0, 0, 0, 0, 0, 0, 0, 0, 0, 0, 0, 0, 0, 0, 0, 0, 0, 0, 0, 0, 0, 0, 0, 0, 0, 0, 0, 0, 0, 0, 0, 0, 0, 0, 0, 0, 0, 0, 0, 0, 0, 0, 0, 0, 0, 0, 0, 0, 0, 0, 0, 0, 0, 0, 0, 0, 0, 0, 0, 0, 0, 0, 0, 0, 0, 0, 0, 0, 0, 0, 0, 0, 0, 0, 0], "total_points": [30000, 30000, 30000, 30000, 30000, 30000, 30000, 30000, 30000, 30000, 30000, 30000, 30000, 30000, 30000, 30000, 30000, 30000, 30000, 30000, 30000, 30000, 30000, 30000, 30000, 30000, 30000, 30000, 30000, 30000, 30000, 30000, 30000, 30000, 30000, 30000, 30000, 30000, 30000, 30000, 30000, 30000, 30000, 30000, 30000, 30000, 30000, 30000, 30000, 30000, 30000, 30000, 30000, 30000, 30000, 30000, 30000, 30000, 30000, 30000, 30000, 30000, 30000, 30000, 30000, 30000, 30000, 30000, 30000, 30000, 30000, 30000, 30000, 30000, 30000, 30000, 30000, 30000, 30000, 30000, 30000, 30000, 30000, 30000, 30000, 30000, 30000, 30000, 30000, 30000, 30000, 30000, 30000, 30000, 30000, 30000, 30000, 30000, 30000, 30000], "prob": [0.9942584157146462, 0.994987426961736, 0.9949874371063486, 0.9949874371066196, 0.99498743710662, 0.99498743710662, 0.99498743710662, 0.9949874371066196, 0.9949874371066199, 0.99498743710662, 0.99498743710662, 0.99498743710662, 0.99498743710662, 0.9949874371066199, 0.9949874371066157, 0.994987437106416, 0.9949874370917464, 0.9949874358489859, 0.9949874369628269, 0.9949874371061744, 0.9949874371066197, 0.99498743710662, 0.99498743710662, 0.99498743710662, 0.99498743710662, 0.99498743710662, 0.99498743710662, 0.99498743710662, 0.99498743710662, 0.99498743710662, 0.99498743710662, 0.99498743710662, 0.99498743710662, 0.99498743710662, 0.99498743710662, 0.99498743710662, 0.99498743710662, 0.99498743710662, 0.99498743710662, 0.99498743710662, 0.99498743710662, 0.99498743710662, 0.99498743710662, 0.99498743710662, 0.99498743710662, 0.99498743710662, 0.99498743710662, 0.99498743710662, 0.99498743710662, 0.99498743710662, 0.99498743710662, 0.99498743710662, 0.99498743710662, 0.99498743710662, 0.99498743710662, 0.99498743710662, 0.99498743710662, 0.99498743710662, 0.99498743710662, 0.99498743710662, 0.99498743710662, 0.99498743710662, 0.99498743710662, 0.99498743710662, 0.99498743710662, 0.99498743710662, 0.99498743710662, 0.99498743710662, 0.99498743710662, 0.99498743710662, 0.99498743710662, 0.99498743710662, 0.99498743710662, 0.99498743710662, 0.99498743710662, 0.99498743710662, 0.99498743710662, 0.99498743710662, 0.99498743710662, 0.99498743710662, 0.99498743710662, 0.99498743710662, 0.99498743710662, 0.99498743710662, 0.99498743710662, 0.99498743710662, 0.99498743710662, 0.99498743710662, 0.99498743710662, 0.99498743710662, 0.99498743710662, 0.99498743710662, 0.99498743710662, 0.99498743710662, 0.99498743710662, 0.99498743710662, 0.99498743710662, 0.99498743710662, 0.99498743710662, 0.99498743710662], "dist_best": [0.00011930851464524975, 0.00014244854144224186, 0.00016707649677301167, 0.00019181940953756516, 0.00021582986534171667, 0.00023853921993516024, 0.00025953661182500764, 0.00027850975307568295, 0.0002977427221031238, 0.0003161657606703045, 0.0003318458605931914, 0.00034459588898102156, 0.0003542821705571427, 0.00036082124929512945, 0.0003641786507573707, 0.0003643685642945926, 0.00036145426151962197, 0.00035554990276324906, 0.00035616105475208494, 0.0003585664395095318, 0.00035942452905605456, 0.0003588060453313758, 0.00035679492139205647, 0.0003534867031705713, 0.00034898689700888446, 0.0003452543727275129, 0.0003660145574825676, 0.00038799854819050224, 0.00041107911274821524, 0.00043539902937687837, 0.00046239654793637423, 0.0004905567158027473, 0.0005197021356773088, 0.0005496568490983154, 0.0005802486935160845, 0.0006113110213509995, 0.0006426835857967764, 0.0006742132110795752, 0.0007057539837624434, 0.0007371674402255207, 0.0007683224011416216, 0.0007990950075896886, 0.0008293683833684193, 0.0008590326030185723, 0.0008879843807113097, 0.0009161268776462899, 0.0009433695739337202, 0.0009696280144485805, 0.0009952417596425073, 0.0010288806079250291, 0.0010610030768840285, 0.0010915018959449187, 0.0011202804112305004, 0.001147252165013888, 0.001172340555838678, 0.0011954785632346016, 0.001216608540657803, 0.001235682049623301, 0.0012526597604402836, 0.001267511366668307, 0.001280215536694435, 0.0012907598940293664, 0.0012991409968832442, 0.0013053643498770458, 0.0013094443805916872, 0.0013114044242765238, 0.0013112767118906988, 0.0013121003138893608, 0.0013125870467665876, 0.0013113574234375354, 0.0013084420066630028, 0.0013038784661508465, 0.0012977115660945525, 0.001289993012396281, 0.001280781398433203, 0.0012701420613562729, 0.0012581467834382825, 0.0012448735855089608, 0.0012304064361973884, 0.0012148347945428234, 0.0011982532416825607, 0.0011807610360486693, 0.0011624615039976124, 0.0011434615060011534, 0.0011238708449476807, 0.0011038015257063963, 0.0010833670621417707, 0.0010626817522752317, 0.0010418598237985092, 0.0010210146077338862, 0.0010002576974531886, 0.0009796980059550665, 0.0009594408413573256, 0.0009395869863620468, 0.0009202317339145419, 0.0009014639410300279, 0.0008833651246431952, 0.0008660086007518903, 0.0008494586895782573, 0.000833770021241684],