Model,FairPercent,UnfairPercent
AC-1,89.000000,11.000000
AC-3,87.000000,13.000000
