{"args": {"profile": true, "score": true, "benchmark": "cartpoleCTRNN", "starting_time": 0.01, "time_step": 0.01, "time_horizon": 0.1, "batch_size": 10000, "gamma": 0.01, "mu": 1.5, "ellipsoids": false, "radius": 0.0001}, "stats": {"loop_time": [38.75093412399292, 20.840912580490112, 14.902812480926514, 14.229447841644287, 13.99462080001831, 13.854609966278076, 13.914505243301392, 14.083033800125122, 14.838216543197632, 14.577754497528076], "new_points": [30000, 0, 0, 0, 0, 0, 0, 0, 0, 0], "total_points": [30000, 30000, 30000, 30000, 30000, 30000, 30000, 30000, 30000, 30000], "prob": [0.9942584157146462, 0.994987426961736, 0.9949874371063486, 0.9949874371066196, 0.99498743710662, 0.99498743710662, 0.99498743710662, 0.9949874371066196, 0.9949874371066199, 0.99498743710662], "dist_best": [0.00011930851464524975, 0.00014244854144224186, 0.00016707649677301167, 0.00019181940953756516, 0.00021582986534171667, 0.00023853921993516024, 0.00025953661182500764, 0.00027850975307568295, 0.0002977427221031238, 0.0003161657606703045], "radius": [0.00017896277196787462, 0.0002136728121633628, 0.0002506147451595175, 0.0002877291143063477, 0.000323744798012575, 0.0003578088299027404, 0.00038930491773751146, 0.00041776462961352445, 0.00044661408315468574, 0.00047424864100545675], "volume": [1.4411829490942226e-45, 1.2093664872206385e-44, 8.196834647156879e-44, 4.299049503491671e-43, 1.7701102856170886e-42, 5.88002787379766e-42, 1.6182492610208246e-41, 3.7735207924979867e-41, 8.409219782304691e-41, 1.7283825797943872e-40], "average_volume": [7.212591059315386e-46, 4.512061028023154e-45, 2.3876132388909566e-44, 1.0508189598096106e-43, 3.825866275869823e-43, 1.1679353770456505e-42, 3.044755031190975e-42, 6.899249797167519e-42, 1.4618544599755458e-41, 2.900215490699939e-41]}, "notes": {"total_time": 179.76035284996033, "samples": 30000}}