{"args": {"profile": true, "score": true, "benchmark": "dfpCTRNN", "starting_time": 0.01, "time_step": 0.01, "time_horizon": 0.5, "batch_size": 1000, "gamma": 0.01, "mu": 1.5, "ellipsoids": false, "radius": 0.01}, "stats": {"loop_time": [4.984222412109375, 0.07050943374633789, 0.07707500457763672, 0.07424688339233398, 0.06837034225463867, 0.06870365142822266, 0.07816505432128906, 0.07175731658935547, 0.08011889457702637, 0.0760507583618164, 0.0688021183013916, 0.06833863258361816, 0.06870889663696289, 0.08545684814453125, 0.0696566104888916, 0.07011175155639648, 0.07176804542541504, 0.07438230514526367, 0.07877421379089355, 0.07459259033203125, 0.06981205940246582, 0.07338094711303711, 0.06917786598205566, 0.07632756233215332, 0.07943582534790039, 0.07437920570373535, 0.07194900512695312, 0.07275176048278809, 0.0859072208404541, 0.07732939720153809, 0.0779881477355957, 0.07490730285644531, 0.07098054885864258, 0.0697927474975586, 0.06956124305725098, 0.07046937942504883, 0.07370376586914062, 0.0745549201965332, 0.06863164901733398, 0.07175493240356445, 0.07275152206420898, 0.07487916946411133, 0.07491827011108398, 0.07108283042907715, 0.07171082496643066, 0.07165002822875977, 0.0791630744934082, 0.0798490047454834, 0.07294631004333496, 0.07201981544494629], "new_points": [1000, 0, 0, 0, 0, 0, 0, 0, 0, 0, 0, 0, 0, 0, 0, 0, 0, 0, 0, 0, 0, 0, 0, 0, 0, 0, 0, 0, 0, 0, 0, 0, 0, 0, 0, 0, 0, 0, 0, 0, 0, 0, 0, 0, 0, 0, 0, 0, 0, 0], "total_points": [1000, 1000, 1000, 1000, 1000, 1000, 1000, 1000, 1000, 1000, 1000, 1000, 1000, 1000, 1000, 1000, 1000, 1000, 1000, 1000, 1000, 1000, 1000, 1000, 1000, 1000, 1000, 1000, 1000, 1000, 1000, 1000, 1000, 1000, 1000, 1000, 1000, 1000, 1000, 1000, 1000, 1000, 1000, 1000, 1000, 1000, 1000, 1000, 1000, 1000], "prob": [0.9949819606814896, 0.9949851817487744, 0.9949865723823099, 0.994987128418481, 0.9949873344502741, 0.994987405264794, 0.9949874278783217, 0.9949874346018834, 0.9949874364680908, 0.9949874369531825, 0.9949874370717248, 0.9949874370990752, 0.9949874371050613, 0.9949874371063105, 0.9949874371065607, 0.994987437106609, 0.994987437106618, 0.9949874371066196, 0.9949874371066199, 0.99498743710662, 0.99498743710662, 0.99498743710662, 0.99498743710662, 0.99498743710662, 0.99498743710662, 0.99498743710662, 0.99498743710662, 0.99498743710662, 0.99498743710662, 0.99498743710662, 0.99498743710662, 0.99498743710662, 0.99498743710662, 0.99498743710662, 0.99498743710662, 0.99498743710662, 0.99498743710662, 0.99498743710662, 0.99498743710662, 0.99498743710662, 0.99498743710662, 0.99498743710662, 0.99498743710662, 0.99498743710662, 0.99498743710662, 0.99498743710662, 0.99498743710662, 0.99498743710662, 0.99498743710662, 0.99498743710662], "dist_best": [0.010100342319568075, 0.010204047341966838, 0.010310831906278378, 0.010420408829544913, 0.010532491718729949, 0.010646788632785346, 0.010763010994959602, 0.010880875790219407, 0.011000104539538525, 0.011120419642514532, 0.01124155595066306, 0.011363257712467711, 0.011485276069679768, 0.011607370062169595, 0.01172931463294379, 0.011850896369748098, 0.0119719096747123, 0.012092162244527976, 0.012211476955325255, 0.012329689014163493, 0.012446642440459172, 0.012562196465834138, 0.012676223326719378, 0.012788606631580096, 0.012903335772249861, 0.013017719403331185, 0.013130718800474605, 0.013242252315343367, 0.01335224665018774, 0.013460635851552367, 0.013567362443341103, 0.013672375473800836, 0.013775631370304074, 0.013877093814337185, 0.013976733436792736, 0.01407452488916705, 0.014170450205134645, 0.014264497507832917, 0.014356659478966142, 0.014446931455619262, 0.014535315990624624, 0.014621819963831911, 0.014706452173707854, 0.014789224230631445, 0.014870153451409492, 0.014949260254507166, 0.01502656450425973, 0.015102089792169631, 0.01517586332706347, 0.015247913966041637], "radius": [0.015150513479352113, 0.015306071012950256, 0.015466247859417567, 0.01563061324431737, 0.015798737578094923, 0.01597018294917802, 0.016144516492439403, 0.01632131368532911, 0.01650015680930779, 0.016680629463771798, 0.01686233392599459, 0.017044886568701567, 0.017227914104519654, 0.017411055093254392, 0.017593971949415685, 0.017776344554622146, 0.017957864512068447, 0.018138243366791963, 0.018317215432987883, 0.01849453352124524, 0.01866996366068876, 0.018843294698751206, 0.019014334990079068, 0.019182909947370146, 0.01935500365837479, 0.019526579104996777, 0.019696078200711908, 0.01986337847301505, 0.02002836997528161, 0.02019095377732855, 0.020351043665011656, 0.020508563210701256, 0.02066344705545611, 0.020815640721505775, 0.020965100155189105, 0.021111787333750576, 0.021255675307701966, 0.021396746261749377, 0.021534989218449214, 0.021670397183428895, 0.021802973985936936, 0.021932729945747867, 0.02205967826056178, 0.022183836345947165, 0.02230523017711424, 0.02242389038176075, 0.022539846756389596, 0.022653134688254445, 0.022763794990595203, 0.022871870949062456], "volume": [4.2017986194676805e-09, 4.4219832473336555e-09, 4.658255468321428e-09, 4.9110975382365725e-09, 5.180961920206031e-09, 5.468244563263196e-09, 5.773294187684597e-09, 6.0964081075307795e-09, 6.437820019949578e-09, 6.797678953758118e-09, 7.176073865768954e-09, 7.57301906846617e-09, 7.988439716526883e-09, 8.422168423682882e-09, 8.873969862774853e-09, 9.34352540648866e-09, 9.830416672506669e-09, 1.0334146089408823e-08, 1.0854148017640138e-08, 1.1389781225965374e-08, 1.1940316439269005e-08, 1.2504970595053414e-08, 1.3082904704650207e-08, 1.3673223524106033e-08, 1.4297653308983552e-08, 1.4942707629781665e-08, 1.5602610709249015e-08, 1.6276613896371286e-08, 1.69639311041666e-08, 1.7663739293478802e-08, 1.8375192770025614e-08, 1.9097417890054538e-08, 1.9829525965321545e-08, 2.057062040290471e-08, 2.1319802670565062e-08, 2.2076157585337353e-08, 2.2838785734678654e-08, 2.3606801919536602e-08, 2.4379330035260505e-08, 2.515549281355725e-08, 2.5934456818575207e-08, 2.6715415286961185e-08, 2.7497571706459225e-08, 2.8280151838837868e-08, 2.9062436389492135e-08, 2.984374235149266e-08, 3.0623390229612805e-08, 3.140074912895671e-08, 3.21752405099853e-08, 3.294632156285632e-08], "average_volume": [2.3640887604295567e-09, 3.0500535893975895e-09, 3.4521040591285495e-09, 3.743902754950154e-09, 3.983412615826134e-09, 4.19553146546e-09, 4.3927518057380745e-09, 4.5820469503817085e-09, 4.767624257338495e-09, 4.952174684285734e-09, 5.1374996160760025e-09, 5.324847266259861e-09, 5.515103869850363e-09, 5.708908173439197e-09, 5.906724529022676e-09, 6.108889286520675e-09, 6.315640807964341e-09, 6.527141085935103e-09, 6.743491432520354e-09, 6.964743327446308e-09, 7.1909057416200675e-09, 7.42195203959543e-09, 7.657825067306046e-09, 7.898441005578045e-09, 8.144564555709027e-09, 8.396347632526533e-09, 8.653714170980907e-09, 8.916572782201264e-09, 9.18481805960011e-09, 9.458331647789744e-09, 9.736983557859614e-09, 1.0020633083077645e-08, 1.0309129932555405e-08, 1.0602315374565387e-08, 1.0900023355009821e-08, 1.1202081036910565e-08, 1.1508310107904461e-08, 1.181852784666426e-08, 1.2132547901379165e-08, 1.2450180704115216e-08, 1.2771234897316644e-08, 1.30955181621921e-08, 1.3422837560925444e-08, 1.3753000100434608e-08, 1.4085813932805425e-08, 1.4421089005543453e-08, 1.4758636947711564e-08, 1.5098271890185955e-08, 1.5439811262581938e-08, 1.5783076170430458e-08]}, "notes": {"total_time": 13.142703771591187, "samples": 1000}}